,email,article
12,org,10.0
15,com,14.0
17,com,15.0
18,com,15.0
19,com,15.0
33,com,22.0
34,com,22.0
78,com,62.0
80,com,63.0
83,com,65.0
88,com,68.0
90,com,70.0
95,com,74.0
112,org,97.0
115,com,101.0
135,com,117.0
140,com,123.0
150,com,132.0
167,com,141.0
168,com,141.0
189,com,179.0
201,com,211.0
202,com,211.0
240,com,247.0
262,com,264.0
263,com,264.0
264,org,264.0
265,com,264.0
270,com,265.0
273,com,268.0
277,com,271.0
290,com,281.0
293,com,294.0
295,com,294.0
300,com,298.0
308,com,301.0
310,com,302.0
320,com,310.0
325,com,313.0
331,com,316.0
333,com,317.0
334,com,317.0
337,com,323.0
338,com,323.0
370,com,357.0
381,com,376.0
409,com,410.0
410,com,410.0
413,com,413.0
425,com,429.0
435,com,451.0
440,com,455.0
450,com,474.0
451,com,475.0
477,com,495.0
479,com,496.0
481,com,496.0
489,com,521.0
490,com,521.0
497,com,525.0
501,com,527.0
504,com,540.0
505,com,540.0
508,com,545.0
509,com,545.0
519,com,550.0
520,com,550.0
521,com,551.0
543,org,577.0
545,com,582.0
547,org,582.0
550,org,584.0
551,org,585.0
553,org,586.0
562,com,596.0
563,com,598.0
569,com,602.0
608,com,640.0
612,com,643.0
626,com,653.0
643,com,661.0
693,com,700.0
697,com,703.0
698,com,703.0
736,com,734.0
737,com,736.0
740,com,740.0
749,com,745.0
750,com,745.0
758,com,774.0
774,com,797.0
790,com,808.0
794,com,809.0
795,com,809.0
798,com,809.0
799,com,809.0
841,com,860.0
856,com,892.0
886,com,916.0
889,com,920.0
890,com,922.0
891,com,922.0
896,com,928.0
900,com,930.0
910,com,949.0
911,org,949.0
921,com,954.0
922,com,954.0
955,com,973.0
960,com,980.0
966,com,997.0
971,com,997.0
996,com,1016.0
999,com,1017.0
1012,com,1029.0
1013,com,1029.0
1033,org,1043.0
1040,com,1045.0
1060,com,1107.0
1062,com,1107.0
1078,com,1114.0
1079,com,1114.0
1080,com,1118.0
1086,com,1129.0
1099,org,1140.0
1107,com,1145.0
1110,com,1146.0
1126,com,1158.0
1142,com,1180.0
1144,com,1180.0
1153,org,1187.0
1178,com,1193.0
1179,com,1193.0
1197,com,1217.0
1199,com,1218.0
1220,com,1236.0
1246,com,1261.0
1263,com,1275.0
1266,com,1277.0
1278,com,1298.0
1286,org,1311.0
1287,com,1311.0
1288,org,1311.0
1292,com,1314.0
1295,com,1315.0
1305,com,1334.0
1315,org,1357.0
1322,com,1373.0
1331,com,1379.0
1358,org,1425.0
1361,com,1438.0
1368,com,1444.0
1369,com,1444.0
1370,com,1444.0
1385,com,1460.0
1386,com,1460.0
1398,org,1481.0
1399,org,1481.0
1400,com,1486.0
1402,com,1487.0
1411,com,1494.0
1434,com,1520.0
1436,com,1521.0
1442,com,1525.0
1451,com,1530.0
1457,com,1536.0
1467,com,1555.0
1469,com,1555.0
1475,com,1571.0
1476,com,1571.0
1491,org,1585.0
1494,com,1588.0
1498,org,1589.0
1503,com,1591.0
1504,com,1591.0
1528,com,1622.0
1529,com,1622.0
1530,com,1622.0
1539,com,1626.0
1540,com,1626.0
1541,com,1626.0
1549,com,1646.0
1564,org,1661.0
1582,com,1671.0
1587,com,1676.0
1610,com,1696.0
1613,com,1696.0
1623,com,1707.0
1669,com,1741.0
1670,com,1742.0
1672,com,1743.0
1673,com,1743.0
1677,com,1745.0
1691,com,1755.0
1694,com,1759.0
1701,com,1767.0
1706,com,1771.0
1722,com,1783.0
1729,com,1796.0
1733,com,1802.0
1739,com,1803.0
1785,com,1854.0
1797,org,1867.0
1798,com,1869.0
1809,com,1877.0
1817,org,1881.0
1824,com,1891.0
1846,com,1916.0
1847,com,1916.0
1848,com,1916.0
1859,com,1933.0
1889,com,1987.0
1901,org,2009.0
1919,org,2023.0
1938,com,2042.0
1939,com,2045.0
1940,com,2045.0
1941,com,2045.0
1943,com,2046.0
1954,com,2056.0
1958,com,2057.0
2001,com,2133.0
2002,com,2133.0
2003,com,2133.0
2004,com,2133.0
2007,org,2136.0
2008,org,2136.0
2010,org,2136.0
2011,org,2136.0
2012,org,2136.0
2013,com,2136.0
2014,org,2136.0
2042,com,2173.0
2043,com,2174.0
2049,org,2179.0
2055,com,2189.0
2061,com,2200.0
2062,com,2200.0
2063,com,2200.0
2064,com,2200.0
2094,com,2234.0
2097,com,2235.0
2121,com,2258.0
2130,com,2262.0
2133,com,2266.0
2135,com,2268.0
2136,com,2268.0
2137,com,2268.0
2139,org,2269.0
2167,com,2295.0
2172,com,2297.0
2201,org,2314.0
2223,com,2345.0
2230,com,2366.0
2232,com,2368.0
2235,com,2372.0
2239,com,2391.0
2249,com,2415.0
2259,com,2431.0
2279,com,2456.0
2301,com,2487.0
2302,com,2487.0
2306,com,2500.0
2307,com,2500.0
2308,com,2500.0
2309,com,2500.0
2333,com,2518.0
2340,com,2521.0
2361,com,2532.0
2377,com,2554.0
2378,com,2559.0
2390,com,2576.0
2405,com,2594.0
2432,com,2638.0
2439,com,2647.0
2441,com,2648.0
2442,com,2648.0
2443,com,2648.0
2444,com,2648.0
2455,com,2659.0
2464,com,2665.0
2470,com,2667.0
2476,com,2672.0
2477,org,2672.0
2479,org,2673.0
2480,org,2673.0
2481,org,2673.0
2483,org,2674.0
2484,org,2674.0
2485,org,2674.0
2499,com,2696.0
2500,com,2696.0
2502,com,2698.0
2521,com,2731.0
2526,com,2733.0
2579,com,2772.0
2593,com,2821.0
2596,com,2823.0
2603,com,2842.0
2613,com,2875.0
2625,com,2884.0
2628,com,2885.0
2632,com,2887.0
2639,com,2894.0
2642,com,2897.0
2644,com,2913.0
2648,com,2913.0
2679,com,2946.0
2683,com,2959.0
2693,com,2976.0
2699,com,2980.0
2702,com,2984.0
2704,com,2984.0
2707,com,2986.0
2726,com,3007.0
2728,com,3007.0
2729,com,3007.0
2757,com,3135.0
2758,org,3135.0
2767,com,3149.0
2803,com,3175.0
2806,com,3176.0
2807,com,3176.0
2816,org,3198.0
2821,com,3203.0
2823,com,3206.0
2824,com,3206.0
2826,com,3210.0
2827,com,3210.0
2828,com,3210.0
2829,com,3210.0
2832,com,3221.0
2834,com,3221.0
2840,com,3224.0
2842,com,3225.0
2843,com,3225.0
2858,org,3247.0
2861,com,3248.0
2862,com,3248.0
2867,com,3249.0
2868,com,3250.0
2877,com,3257.0
2889,com,3269.0
2910,com,3310.0
2911,org,3310.0
2915,com,3313.0
2918,com,3314.0
2923,com,3316.0
2938,com,3326.0
2944,org,3338.0
2968,com,3366.0
2969,com,3366.0
2970,com,3366.0
2973,com,3367.0
2974,org,3367.0
2975,org,3367.0
2976,org,3367.0
2977,com,3367.0
2978,org,3367.0
2980,com,3368.0
2981,org,3368.0
2982,org,3368.0
2983,org,3368.0
2984,com,3368.0
2985,org,3368.0
2987,com,3369.0
2988,org,3369.0
2989,org,3369.0
2990,org,3369.0
2991,com,3369.0
2992,org,3369.0
2994,com,3370.0
2995,org,3370.0
2996,org,3370.0
2997,org,3370.0
2998,com,3370.0
2999,org,3370.0
3036,com,3406.0
3037,com,3407.0
3038,com,3407.0
3043,com,3410.0
3044,com,3410.0
3045,com,3410.0
3047,com,3414.0
3104,com,3461.0
3126,com,3474.0
3130,com,3479.0
3133,com,3483.0
3142,com,3491.0
3152,com,3516.0
3174,com,3532.0
3182,com,3566.0
3186,com,3571.0
3187,org,3573.0
3213,org,3628.0
3237,com,3657.0
3238,com,3657.0
3242,org,3660.0
3243,org,3660.0
3248,org,3664.0
3249,com,3664.0
3250,com,3664.0
3258,com,3667.0
3262,com,3669.0
3294,org,3696.0
3296,org,3701.0
3308,com,3705.0
3309,com,3705.0
3342,com,3722.0
3344,org,3722.0
3345,org,3722.0
3364,com,3751.0
3365,com,3751.0
3368,com,3751.0
3369,com,3751.0
3370,com,3751.0
3371,com,3752.0
3388,com,3778.0
3408,com,3800.0
3409,com,3800.0
3413,com,3803.0
3428,org,3831.0
3470,com,3875.0
3487,com,3906.0
3488,com,3906.0
3491,com,3906.0
3493,com,3906.0
3497,org,3911.0
3506,com,3919.0
3519,com,3935.0
3520,com,3935.0
3540,com,3945.0
3542,com,3948.0
3545,com,3951.0
3546,com,3951.0
3550,com,3958.0
3553,com,3975.0
3569,org,3983.0
3574,com,4000.0
3657,com,4076.0
3666,com,4082.0
3667,com,4082.0
3668,com,4082.0
3695,com,4104.0
3703,com,4114.0
3710,com,4118.0
3712,com,4119.0
3721,com,4128.0
3722,com,4128.0
3735,com,4171.0
3754,org,4181.0
3757,org,4183.0
3761,com,4185.0
3764,org,4187.0
3765,org,4187.0
3769,com,4199.0
3797,org,4243.0
3815,com,4256.0
3816,com,4256.0
3817,com,4258.0
3858,com,4321.0
3859,org,4321.0
3860,com,4321.0
3877,com,4355.0
3896,com,4374.0
3925,com,4394.0
3945,com,4409.0
3948,com,4413.0
3953,com,4416.0
3954,com,4416.0
3956,com,4418.0
3957,com,4418.0
3958,com,4418.0
3964,com,4435.0
3966,com,4436.0
3967,com,4436.0
3968,com,4436.0
3982,com,4441.0
4025,com,4479.0
4032,com,4497.0
4049,com,4513.0
4057,com,4518.0
4063,com,4523.0
4072,com,4526.0
4078,org,4543.0
4082,com,4545.0
4086,com,4549.0
4087,com,4550.0
4094,com,4555.0
4098,com,4558.0
4114,com,4578.0
4115,com,4578.0
4136,com,4600.0
4171,org,4646.0
4172,org,4646.0
4176,com,4646.0
4204,com,4674.0
4215,org,4697.0
4216,org,4697.0
4222,com,4702.0
4225,com,4702.0
4231,com,4707.0
4239,com,4722.0
4241,com,4722.0
4252,com,4731.0
4253,com,4731.0
4279,com,4751.0
4286,com,4775.0
4287,com,4775.0
4288,com,4775.0
4317,com,4821.0
4318,com,4822.0
4320,com,4825.0
4321,com,4826.0
4322,com,4828.0
4323,com,4829.0
4336,com,4838.0
4338,com,4841.0
4356,com,4854.0
4358,com,4854.0
4388,org,4878.0
4397,com,4881.0
4408,com,4887.0
4411,com,4891.0
4419,com,4907.0
4426,com,4911.0
4430,com,4916.0
4460,com,4938.0
4468,com,4941.0
4517,com,4978.0
4518,org,4979.0
4519,org,4979.0
4527,com,4983.0
4544,org,4999.0
4579,com,5043.0
4585,com,5046.0
4586,com,5048.0
4604,com,5061.0
4613,org,5065.0
4622,com,5074.0
4628,com,5086.0
4629,com,5088.0
4644,org,5104.0
4646,org,5105.0
4664,com,5113.0
4674,com,5141.0
4678,com,5141.0
4704,com,5158.0
4705,com,5158.0
4706,com,5158.0
4707,com,5158.0
4727,com,5184.0
4742,com,5197.0
4749,com,5199.0
4751,com,5200.0
4760,com,5211.0
4771,org,5216.0
4772,com,5216.0
4780,org,5217.0
4796,org,5249.0
4797,org,5249.0
4826,org,5275.0
4847,com,5299.0
4851,com,5303.0
4865,com,5316.0
4873,org,5330.0
4876,org,5345.0
4884,com,5359.0
4893,com,5371.0
4895,com,5371.0
4921,com,5404.0
4922,com,5404.0
4944,com,5418.0
4950,com,5424.0
4969,org,5443.0
4970,com,5443.0
4971,com,5443.0
4975,com,5446.0
4979,com,5447.0
4989,com,5453.0
5017,com,5484.0
5018,com,5484.0
5033,com,5520.0
5035,com,5520.0
5041,com,5539.0
5046,com,5544.0
5054,org,5554.0
5078,org,5576.0
5080,org,5577.0
5081,com,5580.0
5083,com,5580.0
5100,com,5602.0
5107,com,5638.0
5118,com,5645.0
5119,com,5645.0
5120,com,5645.0
5121,com,5645.0
5122,com,5645.0
5124,com,5645.0
5126,com,5645.0
5127,com,5645.0
5138,com,5652.0
5140,com,5653.0
5156,com,5662.0
5167,com,5676.0
5171,com,5682.0
5178,com,5692.0
5212,com,5727.0
5215,org,5730.0
5218,org,5730.0
5249,com,5795.0
5251,com,5795.0
5277,com,5828.0
5286,com,5834.0
5287,com,5836.0
5335,com,5864.0
5336,com,5864.0
5337,com,5864.0
5342,org,5877.0
5343,org,5877.0
5365,com,5904.0
5371,com,5926.0
5402,com,5973.0
5415,org,5984.0
5427,com,6009.0
5429,com,6009.0
5458,com,6026.0
5466,com,6041.0
5476,com,6049.0
5482,com,6051.0
5488,com,6055.0
5489,com,6055.0
5519,org,6085.0
5520,org,6085.0
5531,com,6110.0
5532,org,6110.0
5533,org,6110.0
5534,org,6110.0
5535,com,6110.0
5536,org,6110.0
5538,com,6111.0
5539,com,6111.0
5541,com,6111.0
5542,com,6111.0
5552,com,6114.0
5558,com,6121.0
5565,com,6123.0
5587,org,6133.0
5592,com,6141.0
5603,com,6166.0
5604,com,6166.0
5609,com,6169.0
5624,com,6195.0
5659,org,6208.0
5660,org,6208.0
5672,com,6215.0
5676,com,6217.0
5678,com,6217.0
5715,com,6262.0
5728,com,6277.0
5740,com,6283.0
5741,com,6283.0
5742,com,6283.0
5754,com,6290.0
5755,com,6291.0
5759,com,6301.0
5767,com,6316.0
5768,com,6316.0
5772,com,6318.0
5773,org,6318.0
5774,org,6318.0
5775,org,6318.0
5776,com,6318.0
5777,org,6318.0
5782,org,6325.0
5785,com,6326.0
5789,org,6344.0
5808,com,6360.0
5823,com,6373.0
5841,com,6385.0
5842,com,6386.0
5872,com,6418.0
5879,com,6435.0
5888,com,6452.0
5897,com,6455.0
5909,com,6476.0
5913,com,6478.0
5914,com,6478.0
5928,com,6508.0
5941,com,6514.0
5943,com,6515.0
5947,com,6516.0
5954,com,6537.0
5956,com,6539.0
5957,com,6539.0
5971,com,6546.0
5989,com,6554.0
6000,com,6568.0
6003,com,6569.0
6006,com,6570.0
6036,com,6646.0
6045,com,6651.0
6058,com,6666.0
6082,com,6678.0
6096,com,6691.0
6105,com,6701.0
6138,com,6805.0
6145,com,6814.0
6147,com,6821.0
6150,com,6823.0
6175,com,6844.0
6180,com,6855.0
6181,com,6855.0
6183,com,6856.0
6189,com,6859.0
6220,com,6890.0
6221,com,6904.0
6225,com,6907.0
6226,com,6907.0
6228,com,6907.0
6236,com,6912.0
6237,com,6912.0
6241,com,6916.0
6243,com,6929.0
6244,com,6929.0
6246,com,6930.0
6248,com,6932.0
6254,com,6936.0
6256,com,6938.0
6262,com,6940.0
6265,com,6945.0
6273,com,6955.0
6276,com,6956.0
6302,com,7001.0
6311,org,7019.0
6312,org,7019.0
6315,com,7022.0
6317,com,7023.0
6318,org,7024.0
6328,com,7028.0
6336,com,7053.0
6341,org,7064.0
6364,com,7093.0
6365,com,7093.0
6367,com,7093.0
6369,com,7113.0
6385,com,7144.0
6393,com,7147.0
6396,com,7147.0
6397,com,7148.0
6398,com,7148.0
6402,org,7151.0
6408,com,7174.0
6410,com,7175.0
6413,com,7177.0
6414,com,7185.0
6415,com,7185.0
6416,com,7185.0
6417,com,7185.0
6438,com,7203.0
6441,org,7215.0
6442,org,7215.0
6445,com,7218.0
6454,com,7235.0
6485,com,7256.0
6487,com,7256.0
6492,org,7271.0
6520,com,7301.0
6535,com,7315.0
6543,com,7319.0
6572,com,7344.0
6573,com,7344.0
6587,com,7363.0
6588,com,7363.0
6589,com,7364.0
6591,com,7365.0
6593,com,7366.0
6598,com,7367.0
6603,com,7372.0
6605,org,7373.0
6633,org,7394.0
6634,org,7395.0
6635,org,7395.0
6636,org,7395.0
6661,com,7414.0
6663,com,7417.0
6676,org,7423.0
6684,com,7434.0
6689,com,7440.0
6690,com,7440.0
6694,org,7451.0
6700,com,7459.0
6718,com,7481.0
6719,com,7484.0
6720,com,7484.0
6721,com,7484.0
6722,com,7484.0
6723,com,7484.0
6730,com,7487.0
6747,com,7506.0
6748,org,7507.0
6755,com,7519.0
6760,com,7529.0
6761,com,7529.0
6763,com,7529.0
6764,org,7529.0
6775,com,7557.0
6777,com,7557.0
6779,com,7557.0
6790,com,7564.0
6846,org,7604.0
6854,com,7605.0
6855,com,7605.0
6863,com,7609.0
6865,com,7609.0
6866,com,7610.0
6870,com,7613.0
6871,com,7613.0
6872,com,7613.0
6873,com,7613.0
6900,com,7631.0
6901,com,7631.0
6902,com,7634.0
6929,com,7671.0
6946,com,7683.0
6956,com,7689.0
6957,com,7689.0
6959,com,7689.0
6960,com,7689.0
6969,com,7708.0
6971,com,7709.0
6980,com,7715.0
6985,com,7718.0
6995,com,7725.0
7012,com,7738.0
7016,com,7742.0
7039,com,7751.0
7041,com,7752.0
7061,org,7767.0
7063,com,7772.0
7065,com,7772.0
7082,org,7782.0
7083,org,7782.0
7084,org,7782.0
7095,com,7807.0
7118,com,7817.0
7131,org,7823.0
7138,com,7824.0
7149,com,7842.0
7150,com,7842.0
7153,com,7859.0
7180,com,7909.0
7182,com,7911.0
7190,com,7915.0
7203,com,7934.0
7219,com,7952.0
7224,com,7955.0
7229,com,7960.0
7236,com,7966.0
7262,com,7978.0
7274,com,8015.0
7299,com,8039.0
7306,com,8043.0
7314,com,8052.0
7326,org,8062.0
7355,com,8088.0
7356,com,8088.0
7361,org,8090.0
7363,com,8090.0
7388,com,8109.0
7392,com,8110.0
7408,com,8124.0
7424,org,8133.0
7425,com,8133.0
7426,org,8133.0
7436,org,8181.0
7440,com,8185.0
7453,com,8196.0
7458,org,8199.0
7459,com,8199.0
7460,org,8199.0
7485,com,8262.0
7487,org,8270.0
7488,org,8270.0
7504,com,8300.0
7506,com,8300.0
7519,com,8309.0
7530,com,8316.0
7531,com,8316.0
7556,com,8347.0
7563,com,8349.0
7572,com,8351.0
7576,com,8353.0
7581,com,8354.0
7582,com,8355.0
7585,com,8356.0
7592,com,8363.0
7600,com,8372.0
7604,com,8374.0
7618,com,8392.0
7628,com,8406.0
7632,org,8409.0
7634,com,8410.0
7635,com,8413.0
7641,com,8424.0
7642,com,8424.0
7643,com,8424.0
7644,com,8425.0
7645,com,8426.0
7651,com,8432.0
7652,com,8432.0
7657,com,8442.0
7677,com,8459.0
7681,com,8460.0
7693,com,8469.0
7713,com,8482.0
7720,com,8492.0
7721,com,8493.0
7747,com,8524.0
7764,com,8538.0
7766,com,8538.0
7771,com,8543.0
7780,com,8548.0
7782,org,8548.0
7826,com,8584.0
7827,com,8584.0
7832,com,8589.0
7848,org,8606.0
7887,com,8652.0
7910,com,8704.0
7911,com,8704.0
7912,com,8706.0
7932,org,8716.0
7957,com,8752.0
7958,com,8752.0
7968,com,8761.0
7972,com,8763.0
7998,com,8776.0
8026,com,8799.0
8043,com,8806.0
8045,com,8806.0
8050,com,8813.0
8057,com,8829.0
8068,com,8858.0
8083,com,8886.0
8084,com,8886.0
8085,com,8886.0
8092,com,8887.0
8093,org,8888.0
8094,org,8888.0
8097,com,8888.0
8110,com,8952.0
8126,com,8977.0
8146,com,8990.0
8147,com,8990.0
8156,com,8996.0
8163,com,9003.0
8167,com,9012.0
8168,com,9012.0
8176,com,9016.0
8177,com,9016.0
8192,com,9028.0
8193,com,9029.0
8203,com,9050.0
8204,com,9050.0
8225,com,9071.0
8226,com,9071.0
8228,com,9071.0
8234,com,9077.0
8235,com,9077.0
8236,com,9079.0
8246,com,9114.0
8249,com,9119.0
8250,com,9119.0
8261,com,9128.0
8280,com,9149.0
8286,com,9152.0
8322,com,9195.0
8323,com,9195.0
8324,com,9195.0
8338,com,9219.0
8355,com,9237.0
8363,com,9240.0
8391,com,9253.0
8405,com,9266.0
8418,org,9274.0
8419,com,9274.0
8440,com,9289.0
8441,com,9289.0
8442,com,9289.0
8443,com,9289.0
8457,com,9299.0
8464,com,9318.0
8467,com,9319.0
8476,com,9324.0
8477,com,9324.0
8478,com,9325.0
8479,com,9326.0
8488,org,9339.0
8498,org,9359.0
8500,com,9359.0
8505,com,9362.0
8506,com,9364.0
8510,com,9367.0
8529,com,9376.0
8543,com,9388.0
8544,com,9388.0
8545,org,9392.0
8546,org,9392.0
8547,org,9396.0
8548,org,9396.0
8567,com,9409.0
8569,com,9410.0
8580,com,9424.0
8581,org,9425.0
8588,com,9429.0
8601,com,9437.0
8603,com,9438.0
8614,com,9451.0
8626,com,9478.0
8631,com,9482.0
8682,com,9548.0
8684,com,9550.0
8686,com,9551.0
8687,com,9551.0
8696,com,9585.0
8697,com,9587.0
8709,org,9599.0
8722,com,9656.0
8727,org,9659.0
8734,com,9663.0
8742,org,9667.0
8759,com,9674.0
8790,com,9701.0
8800,com,9708.0
8806,com,9712.0
8808,com,9713.0
8812,com,9725.0
8813,com,9725.0
8815,com,9726.0
8852,com,9761.0
8859,com,9767.0
8867,com,9772.0
8871,com,9775.0
8874,com,9777.0
8899,com,9815.0
8903,com,9818.0
8904,com,9818.0
8930,com,9839.0
8932,com,9842.0
8933,com,9843.0
8946,com,9872.0
8963,com,9881.0
8964,com,9882.0
8972,com,9885.0
8974,com,9885.0
8975,org,9885.0
8976,org,9885.0
8977,org,9885.0
8978,com,9885.0
8979,org,9885.0
9007,com,9910.0
9008,com,9910.0
9009,com,9910.0
9010,com,9910.0
9015,org,9913.0
9017,com,9913.0
9018,org,9913.0
9024,com,9920.0
9041,org,9946.0
9044,com,9946.0
9062,com,9974.0
9063,com,9974.0
9068,org,9979.0
9070,com,9979.0
9081,com,9986.0
9089,com,10009.0
9094,com,10012.0
9111,com,10032.0
9124,org,10042.0
9150,com,10074.0
9158,com,10081.0
9179,com,10121.0
9180,com,10122.0
9193,org,10132.0
9204,com,10140.0
9210,com,10148.0
9216,com,10149.0
9222,org,10154.0
9225,org,10154.0
9230,com,10181.0
9231,com,10182.0
9249,org,10198.0
9250,org,10198.0
9258,com,10200.0
9288,com,10235.0
9297,com,10260.0
9301,com,10263.0
9307,org,10268.0
9308,org,10268.0
9311,com,10270.0
9335,com,10308.0
9386,com,10377.0
9388,com,10377.0
9413,com,10407.0
9425,com,10414.0
9426,com,10414.0
9427,com,10414.0
9428,com,10414.0
9429,com,10414.0
9430,com,10414.0
9431,com,10414.0
9453,com,10434.0
9469,com,10473.0
9471,com,10473.0
9472,com,10474.0
9496,com,10516.0
9497,com,10516.0
9510,com,10523.0
9515,com,10526.0
9530,com,10533.0
9531,com,10533.0
9553,com,10546.0
9554,com,10547.0
9555,com,10547.0
9557,org,10549.0
9558,com,10550.0
9570,com,10586.0
9577,com,10589.0
9613,com,10652.0
9614,com,10652.0
9615,com,10652.0
9617,com,10653.0
9618,com,10656.0
9637,com,10664.0
9665,com,10679.0
9699,com,10713.0
9705,com,10716.0
9718,com,10722.0
9775,com,10832.0
9790,com,10859.0
9791,com,10860.0
9826,com,10900.0
9857,com,10933.0
9858,org,10934.0
9859,com,10934.0
9860,com,10934.0
9862,com,10934.0
9867,com,10934.0
9870,com,10936.0
9873,com,10939.0
9880,com,10950.0
9897,com,10970.0
9917,org,10996.0
9930,com,11014.0
9940,com,11021.0
9945,com,11023.0
9955,com,11030.0
9961,com,11035.0
9967,com,11037.0
9980,com,11052.0
9989,org,11060.0
9997,com,11084.0
9999,com,11084.0
10000,com,11084.0
10010,com,11093.0
10011,com,11093.0
10019,com,11100.0
10058,com,11139.0
10060,com,11141.0
10080,com,11200.0
10083,com,11206.0
10084,com,11206.0
10085,com,11206.0
10086,com,11206.0
10087,com,11206.0
10088,com,11206.0
10089,com,11210.0
10090,com,11210.0
10112,org,11228.0
10113,com,11229.0
10114,com,11229.0
10115,com,11229.0
10116,com,11229.0
10117,com,11229.0
10118,com,11229.0
10119,com,11229.0
10120,com,11229.0
10121,com,11229.0
10122,com,11229.0
10123,com,11229.0
10124,com,11229.0
10125,com,11229.0
10126,com,11229.0
10127,com,11229.0
10128,com,11229.0
10129,com,11229.0
10130,com,11229.0
10131,com,11229.0
10132,com,11229.0
10133,com,11229.0
10151,com,11248.0
10188,com,11281.0
10221,com,11347.0
10222,com,11347.0
10262,org,11395.0
10263,org,11395.0
10265,com,11396.0
10266,com,11396.0
10270,com,11402.0
10271,com,11403.0
10293,com,11415.0
10304,com,11434.0
10306,com,11434.0
10307,com,11434.0
10313,com,11438.0
10363,com,11484.0
10364,com,11485.0
10386,com,11508.0
10388,com,11508.0
10403,com,11520.0
10411,org,11527.0
10420,com,11532.0
10458,com,11546.0
10480,com,11559.0
10499,com,11600.0
10500,com,11600.0
10502,com,11608.0
10509,com,11614.0
10532,com,11638.0
10536,com,11644.0
10567,com,11680.0
10569,com,11683.0
10601,org,11696.0
10602,org,11696.0
10617,com,11714.0
10618,com,11714.0
10625,com,11722.0
10633,com,11724.0
10635,com,11726.0
10647,org,11733.0
10649,com,11734.0
10655,com,11739.0
10674,org,11758.0
10683,com,11766.0
10686,com,11766.0
10693,com,11783.0
10694,com,11783.0
10696,com,11787.0
10759,org,11865.0
10763,com,11869.0
10765,com,11869.0
10788,com,11916.0
10809,com,11942.0
10813,org,11943.0
10834,org,11964.0
10838,org,11966.0
10853,com,11981.0
10860,org,11985.0
10862,org,11985.0
10863,org,11985.0
10866,com,11989.0
10870,com,11991.0
10871,com,11991.0
10892,com,12020.0
10903,org,12044.0
10907,com,12048.0
10919,com,12085.0
10921,com,12085.0
10922,com,12086.0
10937,com,12102.0
10955,com,12126.0
10963,com,12136.0
10983,com,12148.0
11022,com,12228.0
11032,com,12236.0
11039,com,12244.0
11063,com,12273.0
11082,com,12297.0
11083,com,12297.0
11088,com,12302.0
11106,com,12313.0
11124,com,12325.0
11138,com,12335.0
11145,com,12340.0
11169,com,12355.0
11172,com,12356.0
11176,com,12358.0
11180,com,12365.0
11189,com,12372.0
11193,org,12376.0
11194,org,12376.0
11197,com,12380.0
11233,org,12411.0
11239,com,12416.0
11240,com,12416.0
11241,com,12416.0
11242,com,12416.0
11257,com,12425.0
11258,com,12425.0
11259,com,12426.0
11260,com,12426.0
11261,com,12427.0
11265,com,12430.0
11275,com,12439.0
11284,com,12476.0
11309,org,12488.0
11337,org,12504.0
11353,com,12533.0
11357,org,12535.0
11358,org,12536.0
11359,org,12536.0
11360,org,12536.0
11362,com,12540.0
11380,com,12569.0
11381,com,12569.0
11406,com,12597.0
11409,org,12602.0
11413,org,12606.0
11429,com,12613.0
11434,com,12616.0
11437,com,12618.0
11442,org,12621.0
11448,com,12623.0
11449,com,12623.0
11459,org,12625.0
11465,com,12629.0
11470,org,12631.0
11499,com,12672.0
11541,com,12733.0
11542,com,12733.0
11563,com,12745.0
11569,com,12770.0
11570,com,12770.0
11592,com,12790.0
11598,com,12794.0
11613,com,12816.0
11614,com,12816.0
11615,com,12816.0
11617,com,12817.0
11618,com,12819.0
11619,com,12819.0
11621,com,12819.0
11641,org,12859.0
11652,com,12864.0
11657,org,12870.0
11659,com,12872.0
11691,com,12909.0
11695,com,12915.0
11696,com,12915.0
11697,com,12915.0
11704,com,12920.0
11719,com,12932.0
11732,com,12941.0
11736,org,12943.0
11737,org,12943.0
11772,com,12981.0
11778,com,12985.0
11785,com,12987.0
11786,com,12988.0
11800,com,13005.0
11802,com,13006.0
11813,org,13021.0
11814,com,13021.0
11815,org,13021.0
11825,com,13024.0
11843,com,13038.0
11848,org,13039.0
11849,org,13039.0
11853,com,13042.0
11862,com,13051.0
11863,com,13051.0
11864,com,13051.0
11881,com,13068.0
11913,com,13086.0
11917,com,13090.0
11929,com,13125.0
11933,com,13129.0
11939,com,13132.0
12018,com,13184.0
12020,com,13187.0
12038,com,13206.0
12039,com,13206.0
12040,com,13206.0
12048,com,13227.0
12049,com,13227.0
12063,com,13250.0
12072,org,13257.0
12073,org,13259.0
12076,com,13259.0
12077,com,13259.0
12091,org,13271.0
12092,org,13271.0
12094,com,13273.0
12097,com,13274.0
12113,com,13289.0
12149,com,13344.0
12202,com,13384.0
12234,com,13403.0
12235,com,13403.0
12236,com,13406.0
12260,org,13437.0
12271,com,13459.0
12286,com,13471.0
12288,com,13471.0
12289,com,13476.0
12290,com,13501.0
12293,com,13501.0
12314,com,13527.0
12318,org,13535.0
12325,com,13541.0
12337,com,13556.0
12341,org,13556.0
12342,com,13556.0
12343,org,13556.0
12345,com,13557.0
12351,com,13563.0
12364,com,13568.0
12366,com,13570.0
12367,com,13570.0
12376,com,13600.0
12377,com,13600.0
12387,com,13605.0
12395,com,13609.0
12396,com,13609.0
12397,com,13609.0
12398,com,13609.0
12399,com,13609.0
12401,com,13634.0
12426,com,13661.0
12440,com,13670.0
12488,com,13704.0
12490,com,13705.0
12501,com,13709.0
12506,com,13721.0
12526,com,13736.0
12532,com,13741.0
12534,com,13741.0
12548,com,13748.0
12569,com,13771.0
12584,com,13780.0
12586,org,13781.0
12587,com,13781.0
12590,com,13798.0
12591,com,13798.0
12600,com,13806.0
12601,com,13806.0
12602,com,13806.0
12603,com,13807.0
12607,com,13810.0
12609,com,13815.0
12621,com,13879.0
12636,com,13908.0
12639,com,13913.0
12649,com,13925.0
12650,com,13925.0
12661,com,13935.0
12672,com,13942.0
12676,org,13944.0
12685,com,13949.0
12688,com,13962.0
12721,com,13989.0
12726,com,13990.0
12735,com,14020.0
12736,org,14020.0
12740,com,14022.0
12746,com,14025.0
12747,com,14025.0
12748,com,14025.0
12749,com,14025.0
12774,com,14045.0
12812,com,14078.0
12823,com,14089.0
12852,com,14148.0
12859,com,14153.0
12878,com,14182.0
12880,com,14182.0
12898,com,14230.0
12908,com,14244.0
12922,com,14251.0
12927,com,14253.0
12929,com,14254.0
12930,com,14254.0
12933,com,14265.0
12940,org,14284.0
12941,org,14284.0
12942,com,14284.0
12946,com,14285.0
12948,com,14285.0
12962,com,14291.0
12970,com,14304.0
12994,com,14321.0
12996,com,14321.0
12997,org,14321.0
13017,com,14334.0
13018,com,14334.0
13019,com,14334.0
13020,com,14334.0
13021,com,14334.0
13022,com,14334.0
13023,com,14334.0
13031,com,14340.0
13041,com,14343.0
13095,com,14427.0
13123,org,14449.0
13147,com,14464.0
13153,com,14469.0
13161,com,14473.0
13171,com,14490.0
13177,org,14493.0
13178,org,14493.0
13192,org,14500.0
13193,org,14500.0
13194,org,14500.0
13195,org,14500.0
13207,com,14509.0
13234,com,14544.0
13247,com,14555.0
13248,com,14556.0
13252,org,14559.0
13258,com,14568.0
13268,com,14585.0
13277,com,14601.0
13278,com,14601.0
13308,com,14634.0
13362,com,14741.0
13363,com,14741.0
